code,name,Futu_security_type,US_listing_class
US.ANDG,Andersen Group,STOCK,普通股
US.SNOW,Snowflake,STOCK,普通股
US.NOW,ServiceNow,STOCK,普通股
US.SAIL,SailPoint,STOCK,普通股
US.HAFN,Hafnia,STOCK,普通股
US.PS,Pershing Square,STOCK,普通股
US.SPCX,SpaceX,STOCK,普通股
US.PSX,Phillips 66,STOCK,普通股
US.SHOP,Shopify,STOCK,普通股
US.MPC,Marathon Petroleum,STOCK,普通股
US.RBRK,Rubrik,STOCK,普通股
US.PLTR,Palantir,STOCK,普通股
US.DFKUY,DAIFUKU CO LTD SPON ADS EACH REP 2 ORD,STOCK,ADR
US.MSFT,Microsoft,STOCK,普通股
US.TEAM,Atlassian,STOCK,普通股
US.P,Everpure,STOCK,普通股
US.SLOIY,SOITEC S.A. UNSP ADR EACH REP 0.5 ORD SHS (POST R/S),STOCK,ADR
US.DELL,Dell Technologies,STOCK,普通股
US.VEEV,Veeva Systems,STOCK,普通股
US.NTSK,Netskope,STOCK,普通股
US.SAP,SAP SE,STOCK,ADR
US.TMO,Thermo Fisher Scientific,STOCK,普通股
US.OKTA,Okta,STOCK,普通股
US.CMBT,CMB.Tech,STOCK,普通股
US.YMHAY,YAMAHA MOTOR CO,STOCK,ADR
US.NET,Cloudflare,STOCK,普通股
US.OBICY,OBIC CO LTD UNSPON ADS EACH REP 0.5 ORD,STOCK,ADR
US.MRVL,Marvell Technology,STOCK,普通股
US.NBIS,NEBIUS,STOCK,普通股
US.WDAY,Workday,STOCK,普通股
US.CRWD,CrowdStrike,STOCK,普通股
US.AUGO,Aura Minerals,STOCK,普通股
US.SLOIF,SOITEC S.A.,STOCK,普通股（OTC）
US.KGSPY,KINGSPAN GROUP UNSP ADR EACH REPR 1 ORD,STOCK,ADR
US.TYHOY,TOYOTA TSUSHO CORP UNSP ADR EACH REP 0.5 ORD SHS,STOCK,ADR
US.AXTI,AXT Inc,STOCK,普通股
US.NIQ,NIQ Global Intelligence,STOCK,普通股
US.TWLO,Twilio,STOCK,普通股
US.VARRY,VAR ENERGI ASA UNSPON ADS EACH REP 2 ORD SHS,STOCK,ADR
US.IBIDY,IBIDEN CO LTD UNSP ADR 4 REP 1 ORD SHS,STOCK,ADR
US.CTSH,Cognizant,STOCK,普通股
US.MGYOY,MOL HUNGARIAN OIL & GAS PLC SPON ADR EA 0.5 ORD SHS SER 'A',STOCK,ADR
US.GRAL,Grail,STOCK,普通股
US.ACN,Accenture,STOCK,普通股
US.BMNR,Bitmine Immersion Technologies,STOCK,普通股
US.ILMN,Illumina,STOCK,普通股
US.CRM,Salesforce,STOCK,普通股
US.CAI,Caris Life Sciences,STOCK,普通股
US.CRCL,Circle,STOCK,普通股
US.MMED,MiniMed Group,STOCK,普通股
US.TEM,Tempus AI,STOCK,普通股
US.CHYM,Chime Financial,STOCK,普通股
US.QMMM,QMMM Holdings,STOCK,普通股
